url_path,views_total,views_unique
/jgehrcke/gipc,9,7
/jgehrcke/gipc/tree/master/gipc,9,4
/jgehrcke/gipc/blob/master/gipc/gipc.py,8,2
/jgehrcke/gipc/tree/master,7,2
/jgehrcke/gipc/issues,3,2
/jgehrcke/gipc/tree/master/examples,3,1
/jgehrcke/gipc/blob/6180682755862d1814a840fe541184de36e5aeb5/docs/api.rst,2,1
/jgehrcke/gipc/blob/6180682755862d1814a840fe541184de36e5aeb5/docs/winnotes.rst,1,1
/jgehrcke/gipc/blob/6180682755862d1814a840fe541184de36e5aeb5/gipc/gipc.py,1,1
/jgehrcke/gipc/blob/master/test/test_gipc.py,1,1
